{"graph": {"_type": "graph-file", "sha256": "35c380b1d8dcada68da5b98cea26cdfa739d7a6ccce372fb990a50d3c01d8d38", "size": 1255, "path": "media/graph/graph_summary_35c380b1d8dcada68da5.graph.json"}, "epoch": 9, "_timestamp": 1711476944.5857182, "loss": 0.03935103490948677, "accuracy": 0.9879000186920166, "val_loss": 0.024069894105196, "val_accuracy": 0.9912999868392944, "_runtime": 52.21859526634216, "_step": 10, "best_val_loss": 0.024069894105196, "best_epoch": 9, "_wandb": {"runtime": 25}}