{"graph": {"_type": "graph-file", "sha256": "f1e1183d18202f4087f102c14c2b31ee60e874af22f8f0686295e4c41120b08c", "size": 1255, "path": "media/graph/graph_summary_f1e1183d18202f4087f1.graph.json"}, "epoch": 19, "_timestamp": 1711477014.484432, "loss": 0.02646559476852417, "accuracy": 0.991183340549469, "val_loss": 0.020100513473153114, "val_accuracy": 0.9932000041007996, "_runtime": 57.85556197166443, "_step": 20, "best_val_loss": 0.020100513473153114, "best_epoch": 19}